{"mean": [8.11012658227848, 16.76025316455696, 1.8007594936708862, 57.48400000000002, 0.36936708860759493, 0.0010126582278481013, 0.022531645569620253, 0.0007594936708860759, 0.007594936708860759, 0.005316455696202532, 0.00025316455696202533, 0.005316455696202532, 0.03468354430379747, 0.004050632911392405, 0.0005063291139240507, 0.002278481012658228, 0.030379746835443037, 0.00025316455696202533, 0.22025316455696203, 0.0017721518987341772, 0.00025316455696202533, 0.015189873417721518, 0.002531645569620253, 0.011645569620253165, 0.0035443037974683543, 0.0030379746835443038, 0.0027848101265822785, 0.00025316455696202533, 0.00025316455696202533, 0.0020253164556962027, 0.00025316455696202533, 0.010632911392405063, 0.10075949367088607, 0.0005063291139240507, 0.0015189873417721519, 0.006582278481012658, 0.0017721518987341772, 0.02911392405063291, 0.009620253164556962, 0.026835443037974683, 0.0012658227848101266, 0.026582278481012658, 0.00025316455696202533, 0.024050632911392405, 0.01240506329113924], "std": [6.464451868384587, 6.031267888344232, 0.9209513135359346, 27.757033487028103, 0.4826334452367891, 0.03180617473324293, 0.14840475234151526, 0.027548445332722174, 0.08681735797206401, 0.07271994908573698, 0.015909131486952346, 0.0727199490857399, 0.1829770369700119, 0.06351555151622229, 0.022496060649643986, 0.047679026174337336, 0.17162988614358202, 0.01590913148695218, 0.41441731148639477, 0.042059616930995344, 0.015909131486952225, 0.12230756789043852, 0.05025172972475688, 0.10728443656222143, 0.059428458738721095, 0.055034038497701186, 0.052697769963646716, 0.015909131486952083, 0.015909131486952294, 0.044957919757820056, 0.015909131486952135, 0.10256633262297477, 0.30100999668794576, 0.022496060649643563, 0.03894457624917348, 0.08086378726606475, 0.042059616930996316, 0.16812585606326177, 0.0976099579633518, 0.16160229588384417, 0.03555587824098224, 0.16085913387735049, 0.015909131486951965, 0.15320639662871782, 0.11068503826571544]}